{
    "book":[
            {  
            "id" : 1 ,
            "title" : "A Court of Frost and Starlight BAM Exclusive ",
            "Author1": "Sarah J Maas ",
            "Author2": "",
            "ISBN": "9.78155E+12",
            "REL_Date": " May 2018"
            },
            {  
                "id" : 1 ,
                "title" : "A Court of Frost and Starlight BAM Exclusive ",
                "Author1": "Sarah J Maas ",
                "Author2": "",
                "ISBN": "9.78155E+12",
                "REL_Date": " May 2018"
            },

            {  
                "id" : 1 ,
                "title" : "A Court of Frost and Starlight BAM Exclusive ",
                "Author1": "Sarah J Maas ",
                "Author2": "",
                "ISBN": "9.78155E+12",
                "REL_Date": " May 2018"
                }        

     ],
     "Comic":[
        {  
        "id" : 1 ,
        "title" : "A Court of Frost and Starlight BAM Exclusive ",
        "Author1": "Sarah J Maas ",
        "Author2": "",
        "ISBN": "9.78155E+12",
        "REL_Date": " May 2018"
        },
        {  
            "id" : 1 ,
            "title" : "A Court of Frost and Starlight BAM Exclusive ",
            "Author1": "Sarah J Maas ",
            "Author2": "",
            "ISBN": "9.78155E+12",
            "REL_Date": " May 2018"
        },

        {  
            "id" : 1 ,
            "title" : "A Court of Frost and Starlight BAM Exclusive ",
            "Author1": "Sarah J Maas ",
            "Author2": "",
            "ISBN": "9.78155E+12",
            "REL_Date": " May 2018"
            }        

 ]
}

